title,label
"❤️‍🔥TÌM NGƯỜI BÁN HÀNG❤️‍🔥
🎯 Công việc. Bán hàng, kiểm đếm hàng, kiểm tra tem mác, hỗ trợ khách hàng 
🎯 Từ 25-50 tuổi. Ưu tiên làm lâu dài, có kinh nghiệm bán hàng càng tốt 
🥰 Tuần nghỉ 1 ngày
🥰 Làm từ 8h-16h30
🥰 9tr/tháng + thưởng nếu làm tốt 
☎️☎️ Cần việc ib trực tiếp hoặc liên hệ 0981857730",0
"Em là sinh viên muốn tìm việc làm thêm vào buổi chiều tối ở Ngũ Hành Sơn 
gần trường việt hàn , y dược ,fpt",0
"🍊🍊🍊KHỐI NHÀ HÀNG CỤM 43TOWN TUYỂN DỤNG 🍊🍊🍊
🔰VIETART F&B là đơn vị phát triển hệ thống The Cups coffee, B&B bakery, Ari sushi, lẩu hấp thủy nhiệt Ocean Pot, nướng Koko House, Le Four – Steak & Pizza, Hàng Gánh, Buffet hải sản 4SEAs, PocPoc Beer.....
🔥 VIETART ĐANG TÌM KIẾM  CÁC CỘNG SỰ CHO VỊ TRÍ:
 LỄ TÂN TẠI NHÀ HÀNG ( Ycầu giao tiếp ngoại ngữ: Anh - Hàn hoặc Anh - Nga )
🍎 PHÚC LỢI FULLTIME:
⛳️ Thời gian làm việc: 8 tiếng/ngày (theo ca: 8h-16h30 hoặc 14h – 22h30), tuần nghỉ 01 ngày
⛳️Phụ cấp cơm ca >500k/tháng, voucher chuyên cần 200k
⛳️Chế độ bảo hiểm, thưởng lễ tết, sinh nhật, lương tháng 13…
⛳️Review lương hàng năm, ưu đãi dịch vụ chuỗi hệ thống cho nhân viên
⛳️Nghỉ 01 ngày/tuần, 12 ngày phép/năm, mỗi 5 năm thêm 01 ngày phép
📋 Inbox trực tiếp và nhanh tay gửi CV vào mail: hr@vietartfb.vn hoặc call: 0941 016 464
📍 Địa điểm làm việc: 
Cụm 43Town -  268 Võ Nguyên Giáp, Mỹ An, Ngũ Hành Sơn, TP. Đà Nẵng.
Hàng Gánh - 51 Trần Bạch Đằng, Mỹ An, Ngũ Hành Sơn, TP. Đà Nẵng
👉 GỬI CV LIỀN CHO CHÚNG TÔI NHÉ ^^
-----------------------------------
VIETART F&B
Vietart tuyển dụng: https://www.facebook.com/tuyendungvietart",0
"🔥🔥 🔥đang cần gấp NỮ làm từ 8h-16h30
🌈🌈🌈🌈🌈🌈🌈🌈🌈🌈🌈🌈
- công việc : phụ bán hàng , kiểm kê số lượng hàng
- công việc ưu tiên những chị nhiệt tình , vui vẻ , muốn làm lâu dài 
- nhận từ 22 đến 48 tuổi 
- thu nhập : 7 triệu 6 / tháng + thưởng
- nhận việc hôm nay gọi ngay : 0366245644",0
"📞 TUYỂN DỤNG NHÂN VIÊN GIẢI ĐÁP KHÁCH HÀNG TỔNG ĐÀI VIETTEL – ĐÀ NẴNG
📩 LIÊN HỆ ỨNG TUYỂN
📞 Điện thoại/Zalo: 0368.757.743
📧 Email: anhmn@callcenter.vn
📍 Địa điểm làm việc
Tầng 1, 215 Phan Đăng Lưu, Khuê Trung, Cẩm Lệ, Đà Nẵng.
📋 MÔ TẢ CÔNG VIỆC
Vị trí: Nhân viên Giải đáp Khách hàng Tổng đài Viettel
Nhiệm vụ chính:
Tiếp nhận cuộc gọi từ khách hàng Viettel.
Giải đáp các thắc mắc, hỗ trợ vấn đề dịch vụ.
Đặc điểm công việc:
Làm việc tại văn phòng 100%.
Không đi thị trường.
Không chạy doanh số.
⏰ THỜI GIAN LÀM VIỆC (THEO CA CỐ ĐỊNH)
Ca 1: 06h30 – 14h30
Ca 2: 14h30 – 22h30
(Làm cố định 1 ca/ngày, không xoay ca)
💰 THU NHẬP
6.000.000 – 9.000.000 VNĐ/tháng
(Thu nhập gồm: lương cứng + phụ cấp + thưởng hiệu quả)
✔️ YÊU CẦU ỨNG VIÊN
Tốt nghiệp Trung cấp trở lên.
Giọng nói rõ ràng, dễ nghe; xử lý tình huống tốt.
Không tuyển sinh viên đang học.",0
"🎯🎯 CẦN NGƯỜI - ĐI LÀM NGAY 🎯🎯
 🍀🍀VIỆC LÀM TẠI KHO TỔNG 🍀🍀
🔥 Công việc. Tư Vấn, Báo Giá, Theo Dõi , Xử Lý đơn hàng .
🥰Yêu cầu: 
👉 từ 22 - 56 tuổi (ko nhận sinh viên)
👉 chủ động, kiên trì, siêng năng 
👉 chiu khó, trách nhiệm với công việc 
🥰🥰 Quyền lợi.
💰💰 8-15trtr/tháng 
👉 Chế độ đầy đủ theo quy định nhà nước 
👉 Chủ nhật, lễ, tết được nghỉ 
Ứng viên quan tâm vui lòng liên hệ : 0376777698 (gặp c Hằng nhân sự)",0
"🔥🔥 GẦN TẾT CHỊ #CẦN NGƯỜI #BÁNHÀNG #TRỰC TIẾP TẠI HỘI AN . TUỔI 22T _50T
#ĐẶC BIỆT NỮ  .
  #THỜIGIAN 8H _17H .
  👉🏻THU NHẬP 7_8TR/THÁNG 
   ☎️ 0879212338 .
   💥GỌI TRỰC TIẾP!",0
"🏖️ KHÔNG CÒN LÀM VIỆC NHÀM CHÁN: VỪA KIẾM TIỀN VỪA NGẮM BIỂN ĐÀ NẴNG! ☀️
Bạn đang tìm kiếm một công việc Part-time hoặc Full-time có View đẹp và Thu nhập thực tế cao hơn lương cứng?
NHÀ HÀNG HẢI SẢN CAO CẤP ĂN THÔI (290 Võ Nguyên Giáp - Địa điểm đắc địa ngay mặt biển) đang mở cửa chào đón bạn!
🎯 CÔNG VIỆC LÝ TƯỞNG CÓ NHỮNG GÌ?
Vị trí làm việc: Hàng ngày được hít thở không khí biển, giảm stress tối đa.
Thu nhập đột phá: Lương cứng + Tips Khách Cao Cấp + Thưởng (Tổng thu nhập rất cạnh tranh).
Cơ hội học hỏi: Trau dồi kỹ năng giao tiếp và ngoại ngữ (tiếp xúc khách du lịch Quốc tế).
🛠️ CHÚNG TÔI CẦN BỔ SUNG GẤP:
VỊ TRÍ FULL TIME (7h/1 ngày)
 Phục Vụ (Server): 19 người
           Lương từ : 5.5tr/1 tháng (7h/1 ngày)
Tiếp Thực (Runner): 8 người
Lương: 5.5tr/1 tháng (7h/1 ngày)
Lễ Tân (Receptionist): 3 người (Yêu cầu ngoại hình + Tiếng Anh/Hàn cơ bản)
Lương từ : 5.5tr/1 tháng (7h/1 ngày)
Pha Chế : 4 người
Lương từ: 5.5/1 tháng (7h/1 ngày)
CÁC VỊ TRÍ PART - TIME : lương từ 28.000 VNĐ/giờ. Phù hợp cho sinh viên muốn ""cày"" thêm thu nhập ổn định.
📩 ĐỂ LẠI DẤU CHÂN CỦA BẠN TRÊN BÃI BIỂN NÀY!
Đừng bỏ lỡ cơ hội làm việc trong môi trường 5 sao ngay tại Đà Nẵng.
Liên hệ (Zalo/SĐT) : 0795.718.374 (Phòng HCNS)
Hoặc gửi CV về Email: hr.vietnamtreasure@gmail.com
#ViệcLàmPartTimeĐàNẵng #TuyểnDụngĐàNẵng #JobViewBiển #LàmThêmLươngCao #ĂnThôiHảiSản",0
"AM coffee cần tuyển:
-SL 2 Nam phục vụ
- ca sáng 6:00-11:30
- ca tối 17h-22h30 ( bắt đầu làm từ 01-12-25 )
Yêu cầu: Nhanh nhẹn, tự giác, siêng năng
Lương khởi điểm19k/1h
Đc:65 Châu thị vĩnh tế-Ngũ hành sơn-Đn
Ibox hoặc zl:0775860107",0
"Cần người phụ làm rau quán bánh xèo, từ 07h00-11h30, làm luôn, tại 15 nguyễn đình chiểu, dt 0905604031",0
"📣📣📣ỐC ĐÊM 76 CẦN TUYỂN 2 NV 
👉Nam tuổi từ 18-35
👉Thời gian làm việc : 18h đến 2h
👉Lương : thỏa thuận 
👉Tháng nghỉ 1 ngày có lương
💵💵💵💰💰 thưởng thêm chuyên cần hằng tháng, và theo doanh thu
👉Địa điểm làm việc : 238 Huỳnh Văn Nghệ 
🌹Liên hệ : 0344199339 gặp Nguyên📣📣📣📣📣📣📣📣📣🔈🔈🔈🔈",0
"Địa chỉ làm việc: 114 Huyền Trân Công Chúa, phường Hoà Hải, quận Ngũ Hành Sơn, TP. Đà Nẵng
🎯 CẦN NHÂN VIÊN TRANG SỨC – ĐÁ MỸ NGHỆ CA SÁNG
❌ Vị trí: Nhân viên đóng đơn Part-time
⏰ Thời gian làm việc:
• Ca sáng: 7h30 – 12h30
(Xoay ca linh hoạt theo lịch học- hỗ trợ 1-2 buổi chiều xoay ca)
💸 Thu nhập: 22.000đ/giờ + thưởng
👉 Gắn bó >3 tháng được xét tăng lương
🔎 Mô tả công việc:
• Đóng gói sản phẩm theo đơn hàng đã chốt
• Kiểm hàng, nhập tồn, sắp xếp kho gọn gàng
• Hỗ trợ tư vấn bán hàng
🌟 Phúc lợi:
✔ Hỗ trợ ăn uống nhẹ giữa ca
✔ Tham gia team building, hoạt động nội bộ vui vẻ
✔ Môi trường trẻ trung, năng động, làm việc với trang sức & đá quý cao cấp
✔ Thưởng Lễ, Tết, thưởng hiệu suất theo tháng
✅ Yêu cầu:
• Sinh viên năm 2, 3 (ưu tiên đã có kinh nghiệm đi làm)
• Nhanh nhẹn, trung thực, có trách nhiệm
• Tỉ mỉ, chịu khó trong công việc
📲 LH ngay:
➡ Gửi CV hoặc nhắn trực tiếp qua Zalo: 0375 270 025 (Thuý Hằng)
📆 Đi làm ngay sau khi đạt phỏng vấn!",0
"NHÀ HÀNG CÁ LỬA TUYỂN DỤNG
❌ 1 GIÁM SÁT 
- lương thỏa thuận 
- chế độ đầy đủ 
❌ 20 NỮ CSKH & LỄ TÂN 
-lương trung bình 20-30tr/1 tháng 
- có xếp lịch xoay ca cho sinh viên 
❌ 10 PHỤC VỤ NỮ 
- Lương 6Tr / 1 tháng 
- có xếp lịch xoay ca cho sinh viên 
❌ 1 TẠP VỤ
- Sạch Sẽ, Gọn Gàng
✅ QUYỀN LỢI : 
-Tháng off 2 ngày 
-Phụ cấp hàng tháng
-Hỗ trợ cơm ca
-Thưởng lễ đầy đủ
LH: ☎️ 0797436886 - 0337931069 ( Chi )
Địa Chỉ : Lô 01.A11.4 Khu công viên Bắc đài Tưởng Niệm ( đường Bạch Đằng nối dài )",0
"BÁNH MÌ GHIỀN
HỆ THỐNG COFFEE, BÁNH MÌ
Tuyển Dụng
🍀 Vị trí: 
• Nhân viên pha chế Coffee 
     🥳  Số lượng: 06
    ⏰ Ca làm: Sáng, chiều, tối
• Nhân viên phục vụ Coffee 
     🥳  Số lượng: 12
    ⏰ Ca làm: Sáng, chiều, tối
 • Nhân viên phục vụ bánh mì
     🥳  Số lượng: 06
    ⏰ Ca làm: Sáng, chiều, tối
💰 Lương:
 • 18.000₫/h-22.000₫/h
📍 Địa chỉ: 11 Yersin, P.Ngũ Hành Sơn, TP Đà Nẵng
📞 Liên hệ: 0935090224 (Trinh)",0
"🍀🍀MỸ PHẨM CHÍNH HÃNG, BỔ.                   SUNG NGƯỜI BÁN HÀNG 🍀🍀
🎯 ƯU TIÊN NỮ CÓ NGOẠI HÌNH, CÓ KINH NGHIỆM 
🔥 Công việc. tư vấn, báo giá, chốt đơn, xử lý đơn hàng, chăm sóc khách hàng.
🐍YÊU CẦU
👉 từ đủ 22-45 tuổi (ko nhận sinh viên)
👉 Chịu khó, siêng năng, trách nhiệm với công việc...
🐍 QUYỀN LỢI 
👉 Tháng nghỉ 4 ngày, lễ, tết nghỉ 
👉 8-12tr/tháng (có thưởng thêm)
👉 Chế độ phúc lợi hấp dẫn 
👉 môi trường mát mẻ, năng động 
☎️☎️ CẦN VIỆC IB HOẶC LIÊN HỆ 0878127189",0
Cần 1 chị chăm sinh. Làm 8 tiếng từ 8h sáng đến 4h chiều. Lương 7 tr+ 25.000 tiền ăn trưa. Chủ nhật nghỉ. Khu vực ngũ hành sơn. Liên hệ:0968655273,0
"[Hệ thống 𝐌𝐲̃ 𝐏𝐡𝐚̂̉𝐦 - 𝐋𝐚̀𝐦 Đ𝐞̣𝐩 ] 
TÌM NGƯỜI LÀM 
🌷𝐕𝐢̣ 𝐭𝐫𝐢́: Bán Hàng
📝 𝐌𝐨̂ 𝐭𝐚̉ 𝐜𝐨̂𝐧𝐠 𝐯𝐢𝐞̣̂𝐜:
   - Chào đón, hỗ trợ khách hàng
   - Dọn dẹp, giữ vệ sinh nơi làm việc
   - Tư vấn sản phẩm
💎 𝐓𝐡𝐮 𝐧𝐡𝐚̣̂𝐩:
   - Parttime: 4.500.000 Vnđ / tháng
   - Fulltime: 9.000.000 Vnđ / tháng
   (Thưởng quý, lễ, Tết x 4 thu nhập)
🧧𝐐𝐮𝐲𝐞̂̀𝐧 𝐥𝐨̛̣𝐢:
   - Có hỗ trợ xoay ca
   - Chế độ, ngày lễ, tết, phép, du lịch…
   - Đảm bảo cơ hội thăng tiến, phát triển. 
   - Off 1 ngày bất kỳ trong tuần.
   - Ưu đãi giảm giá mua sản phẩm.
🌈𝐂𝐡𝐢 𝐍𝐡𝐚́𝐧𝐡 
✨ Hoà Cường - Cẩm Lệ - Hoà Khánh - Liên Chiểu - Vĩnh Điện - Hội An - Tam Kỳ 
📌𝐘𝐞̂𝐮 𝐜𝐚̂̀𝐮 𝐜𝐨̂𝐧𝐠 𝐯𝐢𝐞̣̂𝐜: 
✅Đủ 22-45 tuổi ( ưu tiên những bạn có ngoại hình)
✅Siêng năng, trung thực, trách nhiệm
❗Không yêu cầu kinh nghiệm, sẽ được đào tạo
☎ Để biết thêm thông tin công việc, vui lòng Inbox trực tiếp hoặc  - 0878127189.(QLNS)",0
"Tuyển nhân viên nhà hàng Phố Xưa 1987
Vị Trí: 2 Nam 2 Nữ phục vụ
Lương: 25k/1h
Yêu cầu: Chăm chỉ trung thực, có ngoại hình là một lợi thế :3
Liên hệ: 0774564623
Địa Chỉ: 100 Bùi Tá Hán, Ngũ Hành Sơn, Đà Nẵng",0
Liên hệ trực tiếp zalo.,0
"NHÂN VIÊN FULL-TIME & PART-TIME
Vị trí tuyển dụng:
⦁ 05 Nhân viên phục vụ Full-time hoặc xoay ca
(Chọn 1 trong 3 khung giờ làm việc dưới đây)
Thời gian làm việc:
⦁ Ca sáng: 09h30 – 14h00
⦁ Ca tối: 16h00 – 21h
⦁ Full ngày: 10h00 – 20h30 (có nghỉ giữa ca 2 tiếng)
Quyền lợi:
⦁ Tháng nghỉ 2 ngày có lương, 1 bữa ăn trưa (áp dụng fulltime)
⦁ Môi trường làm việc thân thiện, văn minh
⦁ Cơ hội nâng cao kỹ năng phục vụ và làm việc nhóm
Mô tả công việc:
- Vệ sinh & chuẩn bị khu vực phục vụ khách
- Đón tiếp & phục vụ khách 
- Chăm sóc trong & sau bữa ăn
- Check công việc cuối ca
Yêu cầu:
⦁ Có kinh nghiệm phục vụ là một lợi thế
⦁ Cẩn thận, trung thực, nhanh nhẹn, sạch sẽ
⦁ Có khả năng giao tiếp tiếng Anh cơ bản trong dịch vụ nhà hàng
⦁ Ưu tiên các bạn có lối sống lành mạnh, ăn chay hoặc yêu thích ẩm thực chay
---
Nhà Hàng Chay Vana Vegan 
Địa chỉ: 65-67 Trung Lương 18, P. Hoà Xuân, Q. Cẩm Lệ, TP. Đà Nẵng",0
"Mình cần tìm việc làm thêm buổi chiều tối ở khu vực 
(FPT , VKU…)",0
"Tuyển gấp
- 1 nhân viên giao hàng xe tải nhỏ 
- 3 nhân viên giao hàng bằng xe máy
*Công việc: Giao hàng quanh thành phố 
Thời gian làm việc:Sáng 7h30-12h00
Chiều 13h30-17h30.  Chiều chủ Nhật nghĩ. Xăng xe công ty.
Lương 7.5 triệu-9 triệu.
Đóng bảo hiểm xã hội theo quy định. Thưởng lễ và lương tháng 13. 
Yêu cầu: tuổi từ 18-30t, có bằng lái xe 
Làm việc ở : 07 Phạm Xuân Ẩn Hoà Xuân Cẩm lệ Đà Nẵng 
Liên hệ :0973.444.034",0
"#CẦN NGƯỜI PHỤ BÁN HÀNG SỮA DINH DƯỠNG VÀ CÀ PHÊ.
Thu nhập:7 tr
Tuổi:  ( 20t đến  50 t ) 
Thời gian:-8h-11h30
                  -13h30-17h00
                (Nghĩ chủ nhật)
Không cần bằng cấp,nhiệt tình,vui vẻ.
Lh  0796668798. trao đổi trực tiếp",0
"CÔNG TY BẢO VỆ HOÀNG GIA ĐẠI LỘC
CẦN TUYỂN  GẤP 05 NHÂN VIÊN BẢO VỆ
* Đường Quảng Nam Hoà Quý - Đà Nẵng 
- Ca : 12 / 24 ( hoặc 24/24 )
Lương 6.500.000 / 1 tháng
Độ tuổi 20-60t
Địa chỉ nộp hồ sơ: Số 26 Tôn Đức Thắng , Thành Phố Đà Nẵng.
#Hotline liên hệ:  
 0905781599 Mr Chinh
 0904894443  Văn Phòng Tuyển Dụng.",0
"📣""Bố sung vị trí cần người tư vấn khách hàng,hỗ trợ khách,làm lâu dài Đà Nẵng
🎈Nam-Nữ 20-50 (Hết học)
     ✨Ca sáng:8h-11h30
     ✨Ca Chiều:13h30-17h(nghỉ trưa 2 tiếng)- [Full 8tr/T]
👉Nghiêm túc,thái độ tốt, cần việc Lh Zalo/Sđt [ 0817881761 ] nhận việc #vieclamdanang",0
"Em là nữ muốn tìm việc khu vực non nước ạ, làm giờ hành chính, như bán bánh, winmark... Ai biết k chỉ e với ạ",0
"🔥CẦN NGƯỜI PHỤ LÀM CHO CỬA HÀNG 🔥 
🔥CẦN NGƯỜI PHỤ LÀM CHO CỬA HÀNG 🔥 
KV : Ngũ Hành Sơn / Cẩm Lệ / Hoà Xuân 
           - Độ tuổi     : 25 - 45 Tuổi 
           - Thời gian  : 7h - 11h p/ 13h - 17h
           - Thu nhập  : 4triệu - 8triệu  ( tuỳ ca )
💥 Quyền lợi :
           • Công việc ổn định, làm lâu dài 
           • Môi trường, năng lượng, vui vẻ 
💥  Liên hệ trực tiếp : zalo / gọi ( 039 3564395 )",0
"🇻🇳 CẦN BỔ SUNG NHÂN SỰ 🇻🇳
Phát triển hệ thống phân phối sản phẩm hữu cơ 
🔹 1. Nhân viên tư vấn – bán hàng
– Thu nhập: 8 – 15 triệu/tháng
– Không cần kinh nghiệm – được đào tạo
– Tuổi: từ 21 trở lên
🔹 2. Quản lý kinh doanh khu vực
– Thu nhập: 10 – 22 triệu/tháng
– Ưu tiên người có tư duy phát triển, nghiêm túc làm việc
– Tuổi: 27 – 45
🕒 Giờ làm: 8h00 – 16h30
📞 Liên hệ trực tiếp: 0905276851
Tìm việc nghiêm túc – cần môi trường ổn định – inbox hoặc gọi ngay!",0
"Cần gấp vài bạn bán hàng tại chỗ #ĐÀNẴNG 
 ⏰Ca sáng : 07h30 - 11h30
         Ca chiều : 13h30 - 17h
🎡FULL / PART TIME 
💰4t: 3tr-4tr
      8t : 7tr-8tr ( tuỳ năng lực )
 💝Đủ 19t trở lên ( KHÔNG NHẬN SINH VIÊN )
    ➡️Ib trực tiếp để nhận việc",0
"Chi nhánh đồ uống khu vực #Điện Nam – Điện Ngọc
    #Cần người bán tại chỗ
Làm: 8h – 16h30, CN và lễ nghỉ
Thu nhập: 7 triệu + thưởng
LH: 0879.212.338",0
Bánh Đồng Tiến cần 1 nhân viên bán bánh mỳ tại 102 Châu Thị Vĩnh Tế,0
"TUYỂN DỤNG :
* Heemang Chicken cần tuyển
- 4 Nam Phụ Bếp 
* Công việc : Phụ bếp Gà Rán Hàn Quốc
* Thời gian : 10h30- 23h
* Không có kinh nghiệm sẽ được đào tạo 
* Ưu tiên gắn bó lâu dài.
* Làm việc tại 358a Trần Đại Nghĩa
Liên hệ : 0905644883 (trao đổi công việc )",0
"Cần tìm tuyển 2 nhân viên bán hàng tại cửa hàng trang sức mỹ nghệ - handmade 
📌Thời gian làm việc: 8h-17h ( nghỉ trưa từ 12h đến 13h, nghỉ chủ nhật) 
📌Địa điểm làm việc: 617 Lê Văn Hiến, Hoà Hải, Ngũ Hành Sơn, Đà Nẵng
📌Mô tả công việc: bán hàng tại cửa hàng và xâu hạt, trả lời tin nhắn khách hàng …. 
KHÔNG CẦN KINH NGHIỆM CÓ NGƯỜI HƯỚNG DẪN. 
📌Yêu cầu:
Ưu tiên dưới 27 tuổi.
Công việc fulltime ổn định nên k nhận sinh viên, còn đi học….
Gắn bó lâu dài với công việc.",0
"1 nam 1 nữ cần kím việc làm thêm, có thể xoay ca cho sinh viên( gần khu vực fpt, vku)",0
"📣 MỞ RỘNG CHI NHÁNH  MỚI ĐÀ NẴNG
-(Cần người bán hàng tại chỗ )
                    ( công việc rõ ràng ) 
- Bên mình phân phối các dòng sản phẩm mẹ bé và hàng tiêu dùng ( ko cần kinh nghiệm)
- 💁‍♀️ Nữ tuổi từ 23 - 45 
⏰ Thời gian : 8h - 11h30
                        13h30 - 16h ( làm từ t2 - t7 )
      💵 Thu nhập : 7tr6_8tr9/ tháng ( làm tốt có thưởng thêm).
📲 Chi tiết gọi trực tiếp : 0366245644",0
"Cần tìm 1 cv part time gần trường đh kt , gần đường phan tứ, mk là nữ, sv năm 3",0
e cần tìm công việc phục vụ cà phê ạ đủ 2 slot quán nào còn tuyển ko tuyển e với,0
"📣 TUYỂN CỘNG TÁC VIÊN PHÁT TỜ RƠI – 5 BUỔI/ TUẦN
Anh Ngữ Phản Xạ REX cần tuyển CTV phát tờ rơi làm cố định các buổi chiều trong tuần.
⏰ Thời gian:
👉 4:00 – 5:15 chiều (xong sớm được về sớm)
📍 Khu vực phát:
– Các trường tiểu học, mầm non lân cận trung tâm
💰 Quyền lợi:
– Thu nhập theo buổi
– Có thể nhận tiền ngay sau buổi làm nếu cần
– Công việc nhẹ, phù hợp học sinh – sinh viên
📍 Điểm tập trung:
633 Lê Văn Hiến – Anh Ngữ Phản Xạ REX
🎯 Yêu cầu:
– Nhiệt tình, đúng giờ
📞 Liên hệ đăng ký: 0334 535 916
Làm nhẹ – thời gian ngắn – nhận tiền nhanh. REX chào đón bạn! 🚀",0
"Quán bún đậu 1996 cần tuyển 1 nhân viên nữ 
 Thời gian:17-22h (full time)
Lương :18k/1h  
Địa chỉ: 358 Trần Địa Nghĩa -Hoà Hải -NHS
Liên hệ:0905421171-0935335847(ib)",0
"⛵️⛵️⛵️NHÂN DỊP KHAI TRƯƠNG SẢN PHẨM MỚI CẦN NGƯỜI BÁN HÀNG TẠI CỬA HÀNG BÁN BỘT NHÀU, CACAO ĐÀ NẴNG CHO KHÁCH VIỆT VÀ NƯỚC NGOÀI :
(Xoay ca và cả ngày) Nhận tiền theo ngày : 150k - 250k
👉 Yêu cầu: Siêng năng và chăm chỉ.
- LIÊN HỆ: 0888923409 và gặp trực tiếp anh Quyền
(Zalo: 0888923409)",0
"☕️ TUYỂN NHÂN VIÊN NỮ PHỤC VỤ QUÁN CÀ PHÊ
📍 Địa chỉ: Ngã 4 Nam Kì Khởi Nghĩa và Trần Đại Nghĩa
⏰ Thời gian làm việc
Ca sáng 7h - 12h.
Ca tối: 5h30 đến hết khách (khoảng 22h-22h30)
Xoay ca linh hoạt, xếp ca theo time rảnh
👉 Yêu cầu:
 • Nhanh nhẹn, trung thực, vui vẻ
 • Không cần kinh nghiệm, sẽ được đào tạo
☎️Sdt: 0796905462 (zalo)",0
"LEAFY KITCHEN TUYỂN DỤNG
* Địa chỉ : K72 /20 Nguyễn Văn Thoại , ĐN
Leafy Kitchen mở rộng , cần tuyển nhân sự :
-Nhân viên nữ : 18 -25t 
+Pha chế , phụ việc vặt quán ăn  bán mang đi .
 1.  ca 7h-12h 
2. ca 12h -17h 
3. ca 17h -21h 
Phụ bếp 9h -17h (sơ chế + chế biến các món đơn giản mang đi ) ưu tiên những bạn mới ra trường ưa học hỏi., ko yêu cầu kn .Sẽ được training .
-Lương :
+ Đối với nv pha chế ,phụ việc  thử việc 20k/h tháng đầu , tháng thứ 2 trở đi 22k/h 
+Phụ bếp lương thoả thuận. 
- Trợ cấp tiền ăn 25k/ ca , tháng được off 4 ngày tuỳ chọn .
- Tăng lương tuỳ theo năng lực , có thưởng doanh thu + tip. 
Lễ tết x2 ,x3 ngày lương.
Môi trường làm việc hoà đồng, năng động, chủ siêu dễ thương . 
Các bạn LH fb hoặc qua zalo 0328337220",0
"🧨🧨 MỞ RỘNG KHU VỰC, BỔ SUNG NGƯỜI LÀM 🧨🧨
Khu vực: Hải Châu-Thanh Khê-Liên Chiểu 
Công việc: Bán những mặt hằng đồ uống, khoáng
        *Sáng: 8h00 - 11h30
        *Chiều: 13h30 - 17h00
✅ Ưu tiên những bạn làm việc lâu dài
📮 Độ tuổi: 20-45t.  Không nhận sinh viên 
💰Thu nhập: 7,5tr - 8,5tr
📥 Liên hệ zalo: 0388835507",0
"HỆ THỐNG BÁNH MÌ- CÀ PHÊ GHIỀN CẦN TUYỂN
1.       Nhân viên Bartender – số lượng: 06 ca S-C-T
=> yêu cầu: biết pha chế cơ bản, sẽ được đào tạo thêm trong quá trình làm việc
2.       Nhân viên bán bánh mì – số lượng : 04 ca S-C-T
=> yêu cầu: khôgn cần kinh nghiệm chỉ cần siêng học
3.       Nhân viên phục vụ - số lượng: 10 ca S-C-T
=> yêu cầu: năng lượng bùng nổ, lấy nụ cười làm vũ khí
4.       Nhân viên thu ngân – số lượng: 04, ca S-C-T
=> yêu cầu: trung thực, tính tiền nhanh như chớp, sai tự chi =))
5.       Nhân viên sơ chế - số lượng: 02. Ca hành chính
=> yêu cầu: sạch sẽ, trung thực
Vì sao nên chọn GHIỀN ?
-          Môi trường làm việc siêu chill, có hồ cá KOI THÉ siêu  xanh mát, team lại trẻ trung, thân thiện, trai xinh gái đẹp xung quanh, điểm check in siêu chất
-          Lương thưởng hấp dẫn, tăng lương tuỳ theo năng lực, sự cống hiến và nỗ lực sẽ được ghi nhận ngay lập tức
-          Được đào tạo từ A-Z, học pha chế free
-          Cơ hội thăng tiến: nếu làm tốt và ham học hỏi có thể apply sang vị trí bartender, trưởng ca
-          Được tham gia team-building, ăn chơi, quẩy cùng team
Yêu cầu:
-          Độ tuổi: 18-26, năng động yêu thích công việc
-          Không cần kinh nghiệm, chỉ cần dám học, dám quẩy
-          Có thể làm ca 4-8 tiếng, xoay ca phù hợp vs lịch học
Cách thức ứng tuyển:
Gởi thông tin cơ bản gồm:
-          Họ và tên
-          Ngày tháng năm sinh:
-          Địa chỉ:
-          Sđt:
-          Hiện đang học/làm việc tại:
-          Kèm 1 ảnh siêu chất của bản thân đến zalo: 0935090224
WARMLY WELCOME  các genZ!",0
"🎈 Mình Cần 2-3 bạn bán thức uống cho khách Việt và khách du lịch ( Nam/ Nữ , Trên 18 tuổi) Có hỗ trợ xoay ca sinh viên
🌻 Nhận tiền theo ngày hoặc tháng 
Liên hệ Zalo Sđt: 0877572768 ( Nữ)",0
cần tìm việc cho ứg trước đc ko mn,0
"Cần 1 người phụ làm rau,dọn dẹp quán bán bánh xèo.15 nguyễn đình chiểu",0
"🌾#TUYỂN VĂN PHÒNG TỔNG HỢP 
💥# Số lượng. 4 người 
🥰# Mô Tả: 
👉 Thiết lập lịch, kế hoạch làm việc 
👉 Quản lý tài sản cty
👉 Tiếp nhận ứng viên mới, sàng lọc hồ sơ và đào tạo người mới 
👉 Hỗ trợ phòng kinh doanh tổ chức sự kiện
👉Phối hợp các phòng ban làm việc...
⏰Thời gian làm việc 7h30 - 16h30
💰💰#QUYỀN LỢI 
👍Thu Nhập: 8tr/tháng , tăng theo chu kỳ và năng lực (chưa tính thưởng).
👍Lộ trình thăng tiến rõ ràng
👍 Được tham gia các khoá đào tạo kỹ năng chuyên môn
👍Tham gia các buổi tiệc, kỳ nghỉ hàng năm 
👍Làm việc trong văn phòng tiện nghi, hiện đại ...
☎️Liên hệ 0878127189 hoặc ib
👉#Yêu cầu:   -Trên 22 TUỔI 
        - ƯU TIÊN KINH NGHIỆM, CÁN BỘ CÔNG CHỨC, HƯU TRÍ 
        - Nghiêm túc và có trách nhiệm với cv.
       - Năng nổ, có ý thức xây dựng       
 👉# Sẽ được hỗ trợ và traning cơ bản cho người chưa có kinh nghiệm",0
"#🍁THỰC PHẨM SẠCH CẦN NỮ  LÀM VIỆC TẠI ĐÀ NẴNG 
* CÔNG VIỆC  : BÁN HÀNG 
           +Tuổi: 22t _45 tuổi 
⏰️ Thời gian :
           + Buổi sáng: 8h - 11h30
           + Buổi chiều: 13h30 - 16h30
💸 Tien: 8tr5 _12tr/ tháng ( tùy vị trí và năng lực). 
👉 Yêu cầu: Thái độ tốt, hoà đồng, năng lượng 
📲📲📲GỌI TRỰC TIẾP SĐT:  0796559535",0
"🌊 TUYỂN DỤNG SIÊU HOT TẠI ĐÀ NẴNG!
💼 Làm việc 7h/ngày – View biển sang chảnh – Thu nhập vượt mong đợi!
NHÀ HÀNG HẢI SẢN CAO CẤP ĂN THÔI (290 Võ Nguyên Giáp – mặt biển Đà Nẵng) đang mở rộng đội ngũ và tìm kiếm những bạn trẻ năng động, tinh thần tốt và yêu môi trường dịch vụ.
⭐ LÀM VIỆC TẠI ĐÂY, BẠN NHẬN ĐƯỢC GÌ?
• Không gian làm việc đẹp + thoáng + tinh thần luôn tươi mới.
• Thu nhập ổn định: lương cứng + tips cao + thưởng theo năng lực.
• Cơ hội tiếp xúc khách quốc tế → cải thiện ngoại ngữ mỗi ngày.
• Làm việc trong môi trường chuyên nghiệp, trẻ trung.
🎯 CÁC VỊ TRÍ TUYỂN DỤNG FULL-TIME (7H/NGÀY)
1. Phục Vụ (Server) – 19 người
  Lương: Từ 5.5 triệu/tháng
2. Tiếp Thực (Runner) – 8 người
  Lương: 5.5 triệu/tháng
3. Lễ Tân (Receptionist) – 3 người
  Yêu cầu: Ngoại hình ưa nhìn + Tiếng Anh/Hàn cơ bản
  Lương: Từ 5.5 triệu/tháng
4. Pha Chế – 4 người
  Lương: Từ 5.5 triệu/tháng
🕘 PART-TIME – RẤT PHÙ HỢP CHO SINH VIÊN!
💵 Lương: 28.000 VNĐ/giờ
• Giờ giấc linh hoạt
• Môi trường thân thiện
• Tăng ca theo nhu cầu
📩 NỘP HỒ SƠ NGAY – ƯU TIÊN ỨNG VIÊN SỚM
📞 Zalo/Call (HCNS): 0795.718.374
 📧 Email: hr.vietnamtreasure@gmail.com
👉 Hãy để lại bình luận “FULL-TIME” hoặc “PART-TIME” để được tư vấn nhanh hơn!",0
"Mình cần tuyển nv trực quầy part-time/ full time cho Cocobooth Đà Nẵng sắp khai trương (Trần Đại Nghĩa, giao vs NKKN)
Chỉ cần trung thực và nhanh nhẹn
K yêu cầu kinh nghiệm
Có thể sắp xếp theo lịch học hoặc công việc nhé
Chi tiết liên hệ qua sđt/zalo : 0929281168",0
"Cần tìm 2 bạn.1 nam, 1 nữ phụ bán hàng đồ ăn tại chợ đêm sơn trà. Thời gian làm từ 16h30 chiều đến hết khách. Lương khởi điểm 5tr, làm quen tăng lương. Lấy lương theo ngày hoặc tháng đều được. Lh: 0814392948",0
"𝐂Ầ𝐍 𝟑 𝐍Ữ 𝐋À𝐌 𝐕𝐈Ệ𝐂 𝐊𝐇𝐔 𝐕Ự𝐂 𝐇Ộ𝐈 𝐀𝐍 - Đ𝐈Ệ𝐍 𝐍𝐆Ọ𝐂
✅✅✅Bán hàng, kiểm hàng, quản lí đơn hàng.
Yêu cầu: trên 23tuổi - 50 tuổi
⏰THỜI GIAN : Giờ hành chính 
         Sáng : 8h - 16h30 chiều ( nghỉ chủ nhật)
Công việc ổn định, lâu dài, có sự phát triển 
💰THU NHẬP : 8,5 triệu /tháng + BẢO HIỂM
LIÊN HỆ SĐT: 0788.595.864 nhận việc ngay",0
"CẦN GẤP 2 NỮ  PHỤ BÁN HÀNG TẠI CHỖ.
ĐỘ TUỔI: 30-55
Tháng: 7 - 9 triệu.
Thời gian: 8-17 h( CN nghỉ)
LHNS: 0905260182",0
"Cần tuyển gấp nhân viên tạp vụ làm tại Tòa nhà chung cư Time Square (đường Phạm Văn Đồng- Sơn Trà - Đà Nẵng)
👉 Nữ có độ tuổi từ 25 đến 60 
👉 Có sức khỏe, nhanh nhẹn           
👉 Thời gian làm việc:  Giờ hành chính hoặc ca thẳng.
✳️Lương 5tr  + Chế độ thưởng lễ, Tết, BHYT đầy đủ,.
☎️  0905705277",0
"📦📦Cần tuyển Nhân viên Giao hàng xe máy (Shipper)
✅Thu nhập 12-20tr, có lương đảm bảo, chế độ bảo hiểm
⭕️Nam 18-45t, sức khỏe tốt, đầy đủ thông tin cá nhân
⭕️Cần có đt Android, xe máy cá nhân.  ☎️ Liên hệ 0703.769.417",0
"Cần tuyển các vị trí sau:
Ca 6h_15h: 01 nữ đứng bán
Ca 5h_10h: 01 nữ hoặc sinh viên phụ
✅️Lương thỏa thuận
✅️Yêu cầu: tuổi từ 25_45, nhanh nhẹn, chịu khó
✅️Tháng được nghỉ ngày rằm và m1
✅️Lương tháng 13 và trợ cấp bhyt  (làm đủ năm)
☎️0937827646 _ 0909514686. Liên hệ trao đổi cv
Đc: HỞ TRẦN _đường Song Hào, p hòa hải, ngũ hành sơn (Sau chung cư FPT)
(Nhờ ad duyệt bài giúp ạ. Em cảm ơn)",0
"🎁 Noel mang đến niềm vui còn PHOENIX REALTY thì mang đến cơ hội để bạn tỏa sáng trên hành trình sáng tạo.
Chúng mình tìm kiếm 01 BẠN MARKETING và 05 BẠN NHÂN VIÊN KINH DOANH để đồng hành trong các dự án.
✨ Bạn là mảnh ghép phù hợp nếu:
1. MKT
• Có kinh nghiệm chạy quảng cáo FB/GG cơ bản trở lên.
• Biết thiết kế hình ảnh bằng Canva/PTS hoặc các công cụ tương đương.
• Biết edit video bằng CapCut, AE hoặc phần mềm tương tự.
2. NVKD
• Có kinh nghiệm sale ở các lĩnh vực
• Giao tiếp tốt
✨  Phoenix có gì?
• Hỗ trợ data và chạy qcao MKT đối với NVKD
• BHXH, Lương tháng 13, thưởng lễ, Tết đầy đủ
• Team building, du lịch,...
• Nước uống giải khát (trà, cf, nước ngọt, sữa,...) miễn phí
✨ Giáng Sinh này, hãy trao cho mình cơ hội để bứt phá cùng PHOENIX REALTY tại 33 Hóa Sơn 10, ĐN!
Liên hệ: 0702.391.520 - Ms Lành hoặc nộp CV về phoenixproperty.hr@gmail.com",0
"🆘 CỌP BILLIARDS TUYỂN DỤNG 🆘
🌿 15 Nam/Nữ Phục vụ
🌿 02 Thu ngân
⏰ Thời gian làm việc
 • Nữ: 12h–18h • 18h–24h
 • Nam: 08h–18h • 18h–1h • 21h–sáng • Ca gãy 21h–3h
 • Thu ngân: 08h–18h • 18h–24h
💰 Lương: 20k – 30k/giờ (tùy vị trí & năng lực)
✨ Yêu cầu: Trên 18 tuổi, chăm chỉ, có trách nhiệm.
📞 Liên hệ: Chị Dịu – 0375 272 799
📍 CỌP BILLIARDS
57 Mai Thúc Lân – Đà Nẵng
31 Bà Huyện Thanh Quan – Đà Nẵng
🙏 Cảm ơn admin đã duyệt bài!",0
"🆘 Coca Cola TUYỂN DỤNG 🆘
🌿 NV KD thị trường (SR)
💰 Lương: 11tr – 14tr (LC+PC+DS)
✨ Yêu cầu: Trên 18 tuổi, chăm chỉ, có trách nhiệm.
📞 Liên hệ: Chị Hồng 0909 064 289
tại Ngũ Hành Sơn
🙏 Cảm ơn admin đã duyệt bài!",0
Cần tìm người làm. Công việc làm dừa.ai cần ib số lượng 2 nguòi.0984102678,0
"🔥 BLACK FRIDAY 🔥
🔥 ANH GIẢM KHÉT LẸT ĐẾN 50% 🔥
⏰ Duy nhất 5 ngày: 26/11 – 30/11
💥 Đại tiệc giảm giá cực sâu:
📱 Điện thoại – Laptop: giảm đến 30%
📺 Điện tử – Điện lạnh: giảm đến 35%
🛏️ Gia dụng – Phụ kiện – Đồng hồ: giảm đến 50%
✨ Nhiều sản phẩm giá sốc:
📺 Smart Tivi Sony 55icnh
💰 Giá cũ: 18.990.000₫
⚡ Giá sốc: 14.990.000₫
👉 Giảm sâu – Giảm sốc
🚿 Bình nước nóng Rapido HE 20L
💰 Giá cũ: 3.090.000₫
⚡ Giá sốc: 1.790.000₫
👉 Tặng thêm 1 CB + 2 dây cấp nước.
💧 Máy lọc nước Kangaroo KG10A17
💰 Giá cũ: 10.990.000₫
⚡ Giá sốc: 5.990.000₫
👉 Giảm nửa giá – 10 lõi lọc nóng lạnh.
🧺 Máy giặt Hitachi 10.5kg (BD-1054VWOW)
💰 Giá cũ: 10.990.000₫
⚡ Giá sốc: 5.990.000₫
👉 Giặt khỏe – Inverter tiết kiệm điện.
🧊 Tủ lạnh Aqua 569L (AQR-S633XA)
💰 Giá cũ: 15.290.000₫
⚡ Giá sốc: 12.290.000₫
👉 Side-by-side rộng rãi – tiết kiệm điện.
👉 Cùng Rất nhiều Sản Phẩm Giá Sốc  diễn ra 
 📍 ĐẾN NGAY ĐIỆN MÁY XANH 312 TRẦN ĐẠI NGHĨA - ĐÀ NẴNG ( đối diện FPT plaza 2 )",0
"NHÀ HÀNG BẾP QUÊ TUYỂN DỤNG
   ❌ Thu Ngân 17h -24h 
❌ 10 NỮ CSKH & LỄ TÂN 
-lương trung bình 10tr-15tr/1 tháng 
- có xếp lịch xoay ca cho sinh viên 
❌  5 PHỤC VỤ NỮ 
- Lương 5,5tr/ 1 tháng 
- có xếp lịch xoay ca cho sinh viên 
✅ QUYỀN LỢI : 
-Tháng off 2 ngày 
-Phụ cấp hàng tháng
-Hỗ trợ cơm ca
-Thưởng lễ đầy đủ
LH: ☎️ 0784349114 ( TUẤN)
Địa Chỉ : 179 Chương Dương , Ngũ Hành Sơn , Đà Nẵng",0
"🇻🇳 VIỆC LÀM ĐÀ NẴNG🇻🇳
CÔNG VIỆC : 
- Hỗ trợ nhân sự làm việc
- Hỗ trợ Khách hàng
- Tư vấn bán hàng
👉Được hỗ trợ hướng dẫn cách làm việc. 
 👉Yêu cầu
✔️ Nam 22 tuổi-28 tuổi
✔️Nữ 22-40 tuổi (Không nhận sinh viên)
✔️ Ưu tiên có trình độ. 
THỜI GIAN:
• Sáng :   8h00 - 11h30
• Chiều : 13h30 - 17h00 
Nghỉ trưa 2 tiếng
 QUYỀN LỢI:
- TN 7.000.000-10.000.000
- Được nghỉ Lễ/CN hàng tuần
 ZALO 0935525294 - Gọi trực tiếp
#vieclamdanang",0
"💥 CẦN BỔ SUNG NHÂN SỰ 
✅𝐕ị trí: 
𝟏/ 𝐓𝐮̛ 𝐯𝐚̂́𝐧 𝐛𝐚́𝐧 𝐡𝐚̀𝐧𝐠
𝟐/ 𝐐𝐮𝐚̉𝐧 𝐥𝐲́ 𝐩𝐡𝐚́𝐭 𝐭𝐫𝐢𝐞̂̉𝐧 𝐤𝐢𝐧𝐡 𝐝𝐨𝐚𝐧𝐡
3/ Cộng tác viên bán hàng.
✅𝐐uyền lợi: 
- Thời gian: 8h00 - 16h30. Off chủ nhật.
- Được phát huy tiềm năng bthan. Có cơ hội phát triển sự nghiệp. 
- Được đào tạo và lộ trình thăng tiến rõ ràng.
- Chế độ chính sách, thưởng theo quy định. Bảo hiểm.
- TN: 10-25 tr/ tháng.
✅𝐘êu cầu: 
- Tốt nghiệp Trung cấp trở lên. 
- Độ tuổi: 25 - 50. 
📩 Cụ thể công việc được trao đổi trực tiếp. Liên hệ 0787725192",0
"Pat Kids Milktea & Coffee (Khu vực FPT)
Ngã 4 Trần Quốc Vượng giao Song Hào cần tuyển
 👉Nhân viên pha chế xoay ca (Làm lâu dài)
 Ca sáng: 6h - 12h
 Ca chiều: 12h - 17h
 Ca tối: 17h - 22h
👉Yêu cầu: Làm lâu dài. Lanh lẹ, chịu khó, trung thực
 Làm được các dịp lễ và Tết
👉Liên hệ: 0702757181",0
"♻️ CẦN NỮ BÁN HÀNG
BÁN HÀNG TIÊU DÙNG .
Vị Trí:#BÁNHÀNG- #CSKH. TƯ VẤN BÁN HÀNG.LÀM VIỆC TẠI CHỖ 
                            ________________
      ⏰ 𝑻𝑯𝑶̛̀𝑰 𝑮𝑰𝑨𝑵: 
              *𝐒𝐚́𝐧𝐠: 8h -11h30.
              *𝐂𝐡𝐢𝐞̂̀𝐮: 13h30- 17h00.
              ( chủ nhật nghĩ, lễ nghĩ ). 
       💵𝐓𝐇𝐔 𝐍𝐇𝐀̣̂𝐏: 6tr tăng theo năng lực.          
               ( làm tốt có thưởng ). 
       📣 𝐘𝐄̂𝐔 𝐂𝐀̂̀𝐔:
          *Từ 21t trở lên. 
          *Có trách nghiệm công việc, chịu khó. lắng nghe. Chăm chỉ.
          • không nhận sinh viên. 
           ⛪🗽 𝐊𝐇𝐔 𝐕𝐔̛̣𝐂: trung tâm Đà nẵng .
 #khongthuphi - #khongtrunggian - #lamviecngay
📲☎ 𝗟𝗜𝗘̂𝗡 𝗛𝗘̣̂ Đ𝗘̂̉ Đ𝗨̛𝗢̛̣𝗖 𝗧𝗨̛ 𝗩𝗔̂́𝗡 𝗖𝗨̣ 𝗧𝗛𝗘̂̉ 𝗩𝗘̂̀ 𝗖𝗢̂𝗡𝗚 𝗩𝗜𝗘̣̂𝗖 #0774340338 . or ( zalo  phương)",0
"NHÀ HÀNG CÁ LỬA TUYỂN DỤNG
❌ 1 GIÁM SÁT 
- lương thỏa thuận 
- chế độ đầy đủ 
❌ 20 NỮ CSKH & LỄ TÂN 
-lương trung bình 20-30tr/1 tháng 
- có xếp lịch xoay ca cho sinh viên 
❌ 10 PHỤC VỤ NỮ 
- Lương 6Tr / 1 tháng 
- có xếp lịch xoay ca cho sinh viên 
✅ QUYỀN LỢI : 
-Tháng off 2 ngày 
-Phụ cấp hàng tháng
-Hỗ trợ cơm ca
-Thưởng lễ đầy đủ
LH: ☎️ 0797436886 - 0337931069 ( Chi )
Địa Chỉ : Lô 01.A11.4 Khu công viên Bắc đài Tưởng Niệm ( đường Bạch Đằng nối dài )",0
"Mỳ cay pocpoc 105 Châu Thị Vĩnh Tế cần tuyển :
-Nhân viên : NỮ
- ca 1: 11h~17h00
- ca 2: 17h~23h00
- Full ca: 11h~23h00
Không yêu cầu kinh nghiệm, không cần ngoại hình sẽ được đào tạo phù hợp với công việc
Môi trường làm việc vui vẻ, hoà đồng
Yêu cầu: thật thà, chăm chỉ
Ib hoặc zalo 039 2127024 để trao đổi thêm",0
E cần tìm công việc nhân viên bán hàng parttime ạ?,0
"Nữ 25 tuổi chuyên ngành quản trị kinh doanh , em muốn tìm việc văn phòng gần khu vực Lê Văn Hiến Ngũ Hành Sơn .
 Anh chị nào có việc comment phí dưới em sẽ liên hệ nha, em cảm ơn ạ.",0
"𝐇Ệ T𝐇Ố𝐍G M𝐈N𝐈 𝐌A𝐑T F𝐔L𝐋 - 𝐌A𝐑K𝐄T 2𝟒/𝟕 ĐÀ N𝐀̆̃N𝐆 𝐓U𝐘Ể𝐍 𝐃Ụ𝐍G
NHÂN VIÊN BÁN HÀNG
SL: 5 Nam/ Nữ ( Tuổi từ 18-28t)
 Ca sáng: 14h-22h
 Ca chiều: 14h-22h
 Ca tối: 22h-6h sáng hôm sau ( chỉ tuyển nam )
Lương từ 6tr - 7 +thưởng.
Làm việc tại: Hà Kỳ Ngộ, Bà Huyện Thanh Quan, Bùi Tá Hán
Yêu Cầu:
- Giao tiếp tốt, tiếng Anh cơ bản càng tốt.
ibx fb, zalo: 0777521318",0
"Mình cần 1 cô nấu ăn, dọn dẹp...
Làm tại Nghiêm Xuân Yêm, Khuê Mỹ,  NHS, Đà Nẵng 
Liên hệ zalo: 0708 047358",0
"🔥CẦN THÊM NAM NỮ PHỤ BÁN GIÚP C
🍄 Khu vực:   ĐÀ NẴNG 
    - Làm từ 7h45h- 16h30 ( nghỉ trưa tiếng rưỡi) 
    - Tuần nghỉ 1ngày  ,lễ tết được nghỉ
    *Yêu cầu:    từ 20t  __50 tuổi  
                        chăm chỉ, chịu khó.
 💰 TN cơ bản:  8,5 triệu đến 12 triệu  + thưởng
☎️  Cần việc gọi trực tiếp sđt ( zalo) 0762533389 để nhận #việc",0
Cần 1 bạn phụ bán bánh buổi sang 6h15 -7h30 trước trường hoc,0
"🏘️ Nhà Đẹp Kiêt 2 ô Tô Tránh Nhau : K371 Trần Cao Vân, Thanh Khê, ĐN
💰Giá : 6 tỷ 450 ( thương lượng )
Có thể khai thác cho thuê từ 18 đến 22tr/ tháng
- Cách Biển Nguyễn Tất Thành 300m.
- Diện tích : 54m2 
- Sân thượng đón gió biển thoáng mát. Công năng 3 tầng + sân thượng thiết kế Luxury sang trọng xây mới 100%. 
LH 0917 065 610",0
"Siêu thị FULL MARKET chi nhánh đường NAM KỲ KHỞI NGHĨA (gần khu đô thị FPT) & chi nhánh đường LoseBy
Tuyển nhân viên Ca đêm (22h-6h) (Nam)
Lương : 5tr6+pc
Thử việc 1 tháng
Yêu cầu : Trung thực, cẩn thận, chăm chỉ, sức khỏe tốt, biết một chút Tiếng Anh.
Ưu tiên làm lâu dài, hộ khẩu Quảng Nam - Đà Nẵng
Ứng tuyển inbox trực tiếp, hoặc nt qua zalo  0898808567 (không gọi) (cung cấp thông tin cơ bản, kinh nghiệm làm việc hoặc CV), KHÔNG nhận tn từ nick ảo.",0
